-- MySQL dump 10.13  Distrib 8.0.33, for Win64 (x86_64)
--
-- Host: localhost    Database: honbabdb
-- ------------------------------------------------------
-- Server version	8.0.33

/*!40101 SET @OLD_CHARACTER_SET_CLIENT=@@CHARACTER_SET_CLIENT */;
/*!40101 SET @OLD_CHARACTER_SET_RESULTS=@@CHARACTER_SET_RESULTS */;
/*!40101 SET @OLD_COLLATION_CONNECTION=@@COLLATION_CONNECTION */;
/*!50503 SET NAMES utf8 */;
/*!40103 SET @OLD_TIME_ZONE=@@TIME_ZONE */;
/*!40103 SET TIME_ZONE='+00:00' */;
/*!40014 SET @OLD_UNIQUE_CHECKS=@@UNIQUE_CHECKS, UNIQUE_CHECKS=0 */;
/*!40014 SET @OLD_FOREIGN_KEY_CHECKS=@@FOREIGN_KEY_CHECKS, FOREIGN_KEY_CHECKS=0 */;
/*!40101 SET @OLD_SQL_MODE=@@SQL_MODE, SQL_MODE='NO_AUTO_VALUE_ON_ZERO' */;
/*!40111 SET @OLD_SQL_NOTES=@@SQL_NOTES, SQL_NOTES=0 */;

--
-- Table structure for table `addtbl`
--

DROP TABLE IF EXISTS `addtbl`;
/*!40101 SET @saved_cs_client     = @@character_set_client */;
/*!50503 SET character_set_client = utf8mb4 */;
CREATE TABLE `addtbl` (
  `id` int NOT NULL,
  `level` int NOT NULL,
  `type` char(5) NOT NULL,
  PRIMARY KEY (`id`),
  CONSTRAINT `fk_addTBL_honbabTBL1` FOREIGN KEY (`id`) REFERENCES `honbabtbl` (`id`)
) ENGINE=InnoDB DEFAULT CHARSET=utf8mb3;
/*!40101 SET character_set_client = @saved_cs_client */;

--
-- Dumping data for table `addtbl`
--

LOCK TABLES `addtbl` WRITE;
/*!40000 ALTER TABLE `addtbl` DISABLE KEYS */;
INSERT INTO `addtbl` VALUES (1,2,'일식'),(2,2,'양식'),(3,0,'한식'),(4,1,'일식'),(5,0,'한식'),(6,3,'일식'),(7,0,'아시안'),(8,0,'한식'),(9,1,'한식'),(10,1,'한식'),(11,1,'한식'),(12,1,'한식'),(13,2,'아시안'),(14,1,'아시안'),(15,1,'한식'),(16,1,'한식'),(17,1,'중식'),(18,1,'한식'),(19,0,'한식'),(20,0,'일식'),(21,1,'기타'),(22,2,'한식'),(23,0,'한식'),(24,0,'한식'),(25,2,'일식'),(26,2,'양식'),(27,2,'양식'),(28,1,'종합'),(29,0,'한식'),(30,1,'일식'),(31,0,'기타'),(32,0,'양식'),(33,0,'양식'),(34,0,'양식'),(35,0,'양식'),(36,0,'기타'),(37,1,'한식'),(38,1,'한식'),(39,0,'분식'),(40,1,'중식'),(41,1,'중식'),(42,2,'종합'),(43,2,'일식'),(44,1,'일식'),(45,1,'분식'),(46,3,'일식'),(47,0,'기타'),(48,0,'기타'),(49,1,'기타'),(50,1,'분식'),(51,2,'중식'),(52,1,'한식'),(53,1,'중식'),(54,1,'기타'),(55,3,'중식'),(56,1,'중식'),(57,2,'중식'),(58,3,'중식'),(59,1,'중식'),(60,2,'일식'),(61,1,'한식'),(62,1,'일식'),(63,1,'분식'),(64,0,'분식'),(65,1,'한식'),(66,0,'한식'),(67,2,'양식'),(68,1,'한식'),(69,2,'일식'),(70,1,'한식'),(71,2,'일식'),(72,0,'종합'),(73,0,'종합'),(74,0,'종합'),(75,1,'일식'),(76,1,'한식'),(77,1,'한식'),(78,2,'일식'),(79,0,'한식'),(80,1,'분식'),(81,2,'일식'),(82,1,'일식');
/*!40000 ALTER TABLE `addtbl` ENABLE KEYS */;
UNLOCK TABLES;

--
-- Table structure for table `dayofftbl`
--

DROP TABLE IF EXISTS `dayofftbl`;
/*!40101 SET @saved_cs_client     = @@character_set_client */;
/*!50503 SET character_set_client = utf8mb4 */;
CREATE TABLE `dayofftbl` (
  `id` int NOT NULL,
  `day` char(1) NOT NULL,
  PRIMARY KEY (`id`,`day`),
  CONSTRAINT `fk_dayoffTBL_honbabTBL1` FOREIGN KEY (`id`) REFERENCES `honbabtbl` (`id`)
) ENGINE=InnoDB DEFAULT CHARSET=utf8mb3;
/*!40101 SET character_set_client = @saved_cs_client */;

--
-- Dumping data for table `dayofftbl`
--

LOCK TABLES `dayofftbl` WRITE;
/*!40000 ALTER TABLE `dayofftbl` DISABLE KEYS */;
INSERT INTO `dayofftbl` VALUES (3,'일'),(3,'토'),(4,'일'),(6,'화'),(15,'월'),(17,'화'),(18,'일'),(19,'일'),(22,'토'),(23,'일'),(24,'토'),(28,'일'),(28,'토'),(30,'월'),(42,'일'),(47,'일'),(49,'일'),(61,'월'),(62,'일'),(63,'일'),(64,'일'),(65,'일'),(66,'일'),(68,'일'),(68,'토'),(69,'일'),(71,'일'),(72,'일'),(72,'토'),(73,'일'),(73,'토'),(74,'일'),(74,'토'),(75,'일'),(78,'화'),(80,'토'),(82,'일');
/*!40000 ALTER TABLE `dayofftbl` ENABLE KEYS */;
UNLOCK TABLES;

--
-- Table structure for table `honbabtbl`
--

DROP TABLE IF EXISTS `honbabtbl`;
/*!40101 SET @saved_cs_client     = @@character_set_client */;
/*!50503 SET character_set_client = utf8mb4 */;
CREATE TABLE `honbabtbl` (
  `id` int NOT NULL,
  `name` varchar(10) NOT NULL,
  `location` char(4) NOT NULL,
  `adress` varchar(30) NOT NULL,
  `st_t` time DEFAULT NULL,
  `end_t` time DEFAULT NULL,
  `st_b` time DEFAULT NULL,
  `end_b` time DEFAULT NULL,
  `call` varchar(15) NOT NULL,
  PRIMARY KEY (`id`)
) ENGINE=InnoDB DEFAULT CHARSET=utf8mb3;
/*!40101 SET character_set_client = @saved_cs_client */;

--
-- Dumping data for table `honbabtbl`
--

LOCK TABLES `honbabtbl` WRITE;
/*!40000 ALTER TABLE `honbabtbl` DISABLE KEYS */;
INSERT INTO `honbabtbl` VALUES (1,'산쪼메','구정문','전북 전주시 덕진구 명륜3길 18-8','11:00:00','20:30:00','15:00:00','17:00:00','063-277-7677'),(2,'코지버거','구정문','전북 전주시 덕진구 명륜3길 9-4 1층','11:00:00','21:00:00',NULL,NULL,'0507-1425-9593'),(3,'지지고','구정문','전북 전주시 덕진구 명륜3길 10','11:00:00','20:30:00',NULL,NULL,'070-8847-5849'),(4,'치쿠린','구정문','전북 전주시 덕진구 명륜3길 9-1 지하1층','11:00:00','20:00:00','14:00:00','17:30:00','0507-1432-7703'),(5,'엄마밥줘','구정문','전북 전주시 덕진구 명륜2길 11-2','09:00:00','20:00:00',NULL,NULL,'063-251-5977'),(6,'동백상사','구정문','전북 전주시 덕진구 덕진광장로 6','11:30:00','21:00:00','14:30:00','17:00:00','070-8623-4659'),(7,'와우케밥','구정문','전북 전주시 덕진구 권삼득로 333 원플러스빌딩','10:00:00','22:30:00',NULL,NULL,'0507-1455-2271'),(8,'한솥','구정문','전북 전주시 덕진구 명륜5길 20','09:00:00','20:30:00','14:30:00','16:00:00','063-252-8555'),(9,'덕천식당','구정문','전북 전주시 덕진구 명륜1길 6','07:30:00','20:30:00',NULL,NULL,'063-254-7365'),(10,'현대옥','구정문','전북 전주시 덕진구 덕진광장로 1-11','00:00:00','23:59:59',NULL,NULL,'063-277-9882'),(11,'용집','구정문','전북 전주시 덕진구 명륜2길 11','07:00:00','20:00:00',NULL,NULL,'063-254-9532'),(12,'연다라순대','구정문','전북 전주시 덕진구 명륜2길 14','06:30:00','20:30:00',NULL,NULL,'063-251-1766'),(13,'미스사이공','구정문','전북 전주시 덕진구 명륜5길 19 1층','11:00:00','20:00:00',NULL,NULL,'070-8112-6611'),(14,'흐엉꾸에하롱베이퍼','구정문','전북 전주시 덕진구 명륜5길 15-5','10:00:00','20:30:00',NULL,NULL,'063-253-3340'),(15,'해이루','구정문','전북 전주시 덕진구 명륜5길 9','10:30:00','20:30:00','15:00:00','17:00:00','063-905-5000'),(16,'바우네나주곰탕','구정문','전북 전주시 덕진구 덕진광장로 2','00:00:00','23:59:59',NULL,NULL,'063-277-9885'),(17,'홍콩반점','구정문','전북 전주시 덕진구 덕진광장로 10','11:00:00','20:00:00','15:00:00','16:00:00','0507-1320-0410'),(18,'본죽','구정문','전북 전주시 덕진구 권삼득로 333 원플러스 103호','08:30:00','22:00:00',NULL,NULL,'063-271-6288'),(19,'봉구스','구정문','전북 전주시 덕진구 명륜4길 21-6','11:00:00','21:00:00',NULL,NULL,'063-252-4355'),(20,'사이코우','구정문','전북 전주시 덕진구 명륜3길 14 2동 1층','11:00:00','23:59:59',NULL,NULL,'0507-1375-2847'),(21,'오래요','구정문','전북 전주시 덕진구 명륜4길 22 1층','11:00:00','20:50:00',NULL,NULL,'0507-1489-7891'),(22,'인정국수','구정문','전라북도 전주시 덕진구 명륜4길 21-7','11:00:00','21:00:00',NULL,NULL,'063-272-8009'),(23,'상추튀김','구정문','전북 전주시 덕진구 권삼득로 313','00:00:00','23:59:59',NULL,NULL,'063-273-0903'),(24,'부대통령','구정문','전북 전주시 덕진구 덕진광장로 8','08:00:00','22:00:00',NULL,NULL,'063-271-8283'),(25,'고씨네','구정문','전북 전주시 덕진구 명륜4길 17','11:00:00','20:20:00',NULL,NULL,'063-278-8222'),(26,'별살롱','구정문','전북 전주시 덕진구 명륜4길 10-6','11:00:00','21:00:00',NULL,NULL,'010-3677-3562'),(27,'롤링파스타','구정문','전북 전주시 덕진구 권삼득로 303','11:00:00','21:10:00',NULL,NULL,'063-277-3235'),(28,'국수나무','구정문','전북 전주시 덕진구 명륜3길 19','11:00:00','20:00:00','15:30:00','17:00:00','063-276-0924'),(29,'수유리혼밥왕','구정문','전북 전주시 덕진구 명륜4길 11-8 1층','11:00:00','21:00:00','15:00:00','17:00:00','0507-1397-8782'),(30,'더담다','구정문','전북 전주시 덕진구 권삼득로 333','11:00:00','20:20:00','15:00:00','17:00:00','063-275-7778'),(31,'서브웨이','구정문','전북 전주시 덕진구 명륜4길 12 (덕진동1가)','08:00:00','23:00:00',NULL,NULL,'063-255-1154'),(32,'맥도날드','구정문','전북 전주시 덕진구 기린대로 503','08:00:00','02:00:00',NULL,NULL,'070-7017-6858'),(33,'롯데리아','구정문','전북 전주시 덕진구 명륜4길 17','09:00:00','02:00:00',NULL,NULL,'063-283-6220'),(34,'맘스터치','구정문','전북 전주시 덕진구 명륜4길 4','10:30:00','22:30:30',NULL,NULL,'063-252-0054'),(35,'버거킹','구정문','전북 전주시 덕진구 권삼득로 295','10:00:00','22:00:00',NULL,NULL,'063-223-4300'),(36,'쌈쌘','구정문','전북 전주시 덕진구 명륜3길 21','11:00:00','22:00:00',NULL,NULL,'063-273-8856'),(37,'찌개랑백반','구정문','전북 전주시 덕진구 명륜4길 11-7 2층','11:00:00','20:00:00',NULL,NULL,'063-254-2923'),(38,'육쌈냉면','구정문','전북 전주시 덕진구 명륜4길 21-1','10:00:00','21:00:00',NULL,NULL,'063-253-6392'),(39,'얌샘김밥','구정문','전북 전주시 덕진구 명륜3길 26','08:30:00','22:00:00',NULL,NULL,'063-275-9333'),(40,'귀신반점','구정문','전북 전주시 덕진구 명륜3길 11','11:30:00','21:00:00','15:00:00','17:00:00','0507-1345-7913'),(41,'짬뽕지존','구정문','전북 전주시 덕진구 기린대로 499','00:00:00','23:59:59',NULL,NULL,'063-253-5161'),(42,'우육칼','구정문','전북 전주시 덕진구 명륜3길 22 1동106호','11:30:00','22:00:00','15:00:00','17:00:00','0507-1345-2176'),(43,'돈가스집','구정문','전북 전주시 덕진구 명륜3길 14','11:00:00','20:30:00','15:00:00','17:00:00','063-254-9994'),(44,'야미','구정문','전북 전주시 덕진구 명륜4길 21-5 2층','10:00:00','20:30:00','15:00:00','17:00:00','0507-1340-6678'),(45,'참맛분식','구정문','전북 전주시 덕진구 명륜4길 21-4','09:30:00','20:00:00','15:30:00','16:30:00','063-278-2149'),(46,'치히로','구정문','전북 전주시 덕진구 권삼득로 305-1','11:00:00','22:00:00','15:00:00','17:00:00','070-8287-0913'),(47,'이삭토스트','구정문','전북 전주시 덕진구 권삼득로 315','09:30:00','20:10:00',NULL,NULL,'063-253-8808'),(48,'에그드랍','구정문','전북 전주시 덕진구 권삼득로 311','10:00:00','20:50:00',NULL,NULL,'063-271-1818'),(49,'유스샌드','구정문','전북 전주시 덕진구 권삼득로 333 1층 109호','09:00:00','20:00:00',NULL,NULL,'010-7512-9161'),(50,'신전떡볶이','구정문','전북 전주시 덕진구 명륜4길 10-2','10:20:00','02:00:00','23:00:00','23:50:00','063-272-7111'),(51,'미미마라','구정문','전북 전주시 덕진구 명륜4길 21-2','11:00:00','22:00:00',NULL,NULL,'0507-1497-9236'),(52,'더도리칼국수','구정문','전북 전주시 덕진구 명륜4길 21-3','10:30:00','20:30:00',NULL,NULL,'063-272-4446'),(53,'신덕일관','구정문','전북 전주시 덕진구 권삼득로 321-1','11:00:00','21:00:00',NULL,NULL,'063-272-1429'),(54,'이너프샐러드','구정문','전북 전주시 덕진구 명륜4길 21-1','11:00:00','19:30:00','14:00:00','15:00:00','0507-1430-4547'),(55,'탕화쿵푸마라탕','구정문','전북 전주시 덕진구 명륜4길 21-1','11:00:00','22:00:00',NULL,NULL,'010-7726-1898'),(56,'라화쿵푸','구정문','전북 전주시 덕진구 명륜4길 23','10:00:00','23:59:59',NULL,NULL,'063-272-8666'),(57,'춘리마라탕','구정문','전북 전주시 덕진구 명륜3길 21 1층','11:00:00','22:00:00',NULL,NULL,'0507-1443-3138'),(58,'화라소소','구정문','전북 전주시 덕진구 명륜3길 17 2층','11:00:00','22:30:00','14:30:00','16:30:00','010-3459-6668'),(59,'로충칭마라탕','구정문','전북 전주시 덕진구 권삼득로 293 1층','11:00:00','21:30:00','15:00:00','16:00:00','0507-1398-8089'),(60,'백소정','구정문','전북 전주시 덕진구 명륜3길 22','11:30:00','21:00:00','15:30:00','17:00:00','0507-1373-2449'),(61,'현대옥','신정문','전북 전주시 덕진구 떡전4길 31','00:00:00','23:59:59',NULL,NULL,'063-273-9882'),(62,'료카츠','신정문','전북 전주시 덕진구 기린대로 400-29','11:30:00','20:30:00','14:30:00','17:00:00','063-251-8988'),(63,'정주분식','신정문','전북 전주시 덕진구 권삼득로 247-3','11:30:00','19:30:00','15:00:00','17:00:00','063-272-6235'),(64,'또또분식','신정문','전북 전주시 덕진구 삼송3길 14','10:30:00','20:00:00',NULL,NULL,'010-4184-7163'),(65,'청년식탁사잇길','신정문','전북 전주시 덕진구 백제대로 563 2층','11:00:00','20:00:00','14:30:00','17:30:00','063-272-0214'),(66,'밥은화','사대부고','전북 전주시 덕진구 조경단로 105','11:00:00','20:00:00',NULL,NULL,'0507-1338-3974'),(67,'찰리앤버니','사대부고','전북 전주시 덕진구 조경단로 116','11:00:00','20:00:00','15:00:00','16:00:00','0507-1351-8713'),(68,'먹짜','사대부고','전북 전주시 덕진구 삼송5길 14-19','11:00:00','20:00:00','14:00:00','17:00:00','063-276-5006'),(69,'연어회상','사대부고','전북 전주시 덕진구 삼송3길 42','11:00:00','21:00:00','14:30:00','17:00:00','070-4277-9337'),(70,'채움','사대부고','전북 전주시 덕진구 삼송5길 14-21','11:00:00','19:30:00','14:00:00','17:00:00','063-255-8300'),(71,'모퉁이덮밥','사대부고','전북 전주시 덕진구 삼송3길 42','10:30:00','20:30:00','14:30:00','17:00:00','0507-1385-2102'),(72,'진수원','전북대','진수당','11:30:00','19:00:00','14:00:00','17:30:00','4441'),(73,'의과대학식당','전북대','의대학생회관','11:30:00','14:00:00',NULL,NULL,'2175'),(74,'후생관식당','전북대','후생관','11:00:00','13:30:00',NULL,NULL,'2177'),(75,'도꾸이','신정문','전북 전주시 덕진구 권삼득로 237','11:10:00','21:10:00','14:30:00','16:30:00','063-252-1147'),(76,'금암피순대','신정문','전북 전주시 덕진구 기린대로 400-61','10:00:00','22:00:00',NULL,NULL,'063-272-1394'),(77,'엄가네시골집','신정문','전북 전주시 덕진구 기린대로 419','00:00:00','23:59:59',NULL,NULL,'063-276-5355'),(78,'금암소바','신정문','전북 전주시 덕진구 기린대로 400-75','11:00:00','20:00:00',NULL,NULL,'0507-1341-0945'),(79,'금암면옥','신정문','전북 전주시 덕진구 기린대로 400-3','09:00:00','21:00:00',NULL,NULL,'0507-1439-7002'),(80,'얌스','신정문','전북 전주시 덕진구 기린대로 400-5','09:00:00','22:00:00',NULL,NULL,'063-271-8008'),(81,'멘야케이','신정문','전북 전주시 덕진구 떡전4길 18','11:00:00','21:00:00',NULL,NULL,'0507-1375-2365'),(82,'행담','신정문','전북 전주시 덕진구 기린대로 400-4','11:30:00','21:00:00',NULL,NULL,'063-251-7798');
/*!40000 ALTER TABLE `honbabtbl` ENABLE KEYS */;
UNLOCK TABLES;

--
-- Table structure for table `infotbl`
--

DROP TABLE IF EXISTS `infotbl`;
/*!40101 SET @saved_cs_client     = @@character_set_client */;
/*!50503 SET character_set_client = utf8mb4 */;
CREATE TABLE `infotbl` (
  `id` int NOT NULL,
  `review` varchar(45) NOT NULL,
  PRIMARY KEY (`id`)
) ENGINE=InnoDB DEFAULT CHARSET=utf8mb3;
/*!40101 SET character_set_client = @saved_cs_client */;

--
-- Dumping data for table `infotbl`
--

LOCK TABLES `infotbl` WRITE;
/*!40000 ALTER TABLE `infotbl` DISABLE KEYS */;
/*!40000 ALTER TABLE `infotbl` ENABLE KEYS */;
UNLOCK TABLES;

--
-- Table structure for table `menutbl`
--

DROP TABLE IF EXISTS `menutbl`;
/*!40101 SET @saved_cs_client     = @@character_set_client */;
/*!50503 SET character_set_client = utf8mb4 */;
CREATE TABLE `menutbl` (
  `id` int NOT NULL,
  `m_name` varchar(15) NOT NULL,
  `price` int NOT NULL,
  `pic_id` int DEFAULT NULL,
  PRIMARY KEY (`id`,`m_name`),
  CONSTRAINT `fk_menuTBL_honbabTBL` FOREIGN KEY (`id`) REFERENCES `honbabtbl` (`id`)
) ENGINE=InnoDB DEFAULT CHARSET=utf8mb3;
/*!40101 SET character_set_client = @saved_cs_client */;

--
-- Dumping data for table `menutbl`
--

LOCK TABLES `menutbl` WRITE;
/*!40000 ALTER TABLE `menutbl` DISABLE KEYS */;
INSERT INTO `menutbl` VALUES (1,'돈코츠라멘',7000,1),(1,'쇼유라멘',7000,2),(1,'츠케멘',8000,3),(2,'비엘티버거',7500,4),(2,'코지버거',7000,5),(2,'클래식버거',6500,6),(3,'나이스라이스',4500,7),(3,'누들누들',4500,8),(4,'미소라멘',7500,9),(4,'쇼유돈코츠라멘',7000,10),(4,'시오돈코츠라멘',7000,11),(5,'김치찌개',7000,12),(5,'뚝배기불고기',8000,13),(5,'생선구이백반',7000,14),(6,'와규스테이크덮밥',18000,15),(6,'우삼겹덮밥',10000,16),(6,'한우대창덮밥',13000,17),(7,'양고기롤',7900,18),(7,'치킨롤',6500,19),(8,'돈까스도련님고기고기',6300,20),(8,'동백',6000,21),(8,'치킨마요',3700,22),(9,'막창국밥',8000,23),(9,'머리국밥',8000,24),(9,'순대국밥',8000,25),(10,'끓이는식콩나물국밥',8500,26),(10,'남부시장식콩나물국밥',8500,27),(10,'얼큰돼지국밥',10000,28),(11,'선지국밥',8000,29),(11,'소내장탕',12000,30),(11,'순대국밥',8000,31),(12,'막창국밥',8000,32),(12,'머리국밥',7500,33),(12,'순대국밥',7500,34),(13,'분짜',9600,35),(13,'사이공볶음밥',6600,36),(13,'소고기쌀국수',6200,37),(14,'파인애플볶음밥',6900,38),(14,'하롱베이양지쌀국수',6900,39),(14,'하롱베이월남쌈',6900,40),(15,'감자탕',10000,41),(15,'묵은지감자탕',11000,42),(15,'콩나물국밥',7000,43),(16,'맑은나주곰탕',10000,44),(16,'매콤우거지곰탕',12000,45),(16,'바우네곰탕',10000,46),(17,'짜장면',6000,47),(17,'짜장밥',8000,48),(17,'짬뽕',7000,49),(18,'낙지김치죽',11000,50),(18,'단호박죽',10500,51),(18,'쇠고기야채죽',11500,52),(19,'봉구스밥버거',3000,53),(19,'치즈제육밥버거',4500,54),(19,'햄치즈밥버거',4300,55),(20,'타코야끼(11알)',4500,56),(20,'타코야끼(18알)',7000,57),(20,'타코야끼(7알)',3500,58),(21,'러브오레',5200,59),(21,'베리굿',5200,60),(21,'애플픽',5100,61),(22,'비빔국수',6000,62),(22,'얼큰두부국수',6500,63),(22,'인정잔치국수',5500,64),(23,'상추튀김',6000,65),(23,'순대범벅',7000,66),(23,'튀김범벅',7000,67),(24,'닭갈비',6000,68),(24,'부대찌개',6000,69),(24,'안동찜닭',6000,70),(25,'돈까스카레',8500,71),(25,'버섯카레',8000,72),(25,'소고기카레',8500,73),(26,'더블치즈버거세트',7500,76),(26,'오리지날버거세트',7500,74),(26,'하와이안버거세트',8000,75),(27,'까르보나라',8500,78),(27,'알리오올리오',6500,77),(27,'우삼겹도리아',8500,79),(28,'국수나무알밥',8000,81),(28,'국치정식',9000,80),(28,'로제돈까스',10000,82),(29,'돼지김치찌개도시락',7900,84),(29,'석갈비불백도시락',9900,83),(29,'스테이크덮밥',10900,85),(30,'샐러드돈까스',9900,88),(30,'흑돼지리얼치즈돈까스',10500,87),(30,'흑돼지인생돈까스',8900,86),(31,'써브웨이클럽',7100,91),(31,'에그마요',5500,89),(31,'이탈리안비엠티',6700,90),(32,'1955세트',8800,93),(32,'베이컨토마토디럭스세트',8700,94),(32,'빅맥세트',7800,92),(33,'불고기버거세트',6900,95),(33,'새우버거세트',6900,97),(33,'핫크리스피버거세트',7800,96),(34,'싸이버거세트',6900,98),(34,'언빌리버블버거세트',8200,99),(34,'화이트갈릭싸이버거세트',7500,100),(35,'와퍼세트',9100,101),(35,'콰트로치즈와퍼세트',9900,102),(35,'통새우와퍼세트',9900,103),(36,'더클래식치즈베이컨',5900,106),(36,'더클래식햄치즈',5600,105),(36,'비프비비큐',8500,104),(37,'김치찌개',8000,108),(37,'순두부찌개',8000,107),(37,'제육볶음',8000,109),(38,'물냉면',8500,110),(38,'비빔냉면',8500,111),(38,'비빔밥',9000,112),(39,'라돈모다기',9500,114),(39,'얌샘김밥',3800,113),(39,'치킨마요덮밥',7500,115),(40,'게살볶음밥',7500,117),(40,'처녀귀신짬뽕',8000,116),(40,'총각귀신짜장면',5500,118),(41,'순두부짬뽕',11000,120),(41,'지존짜장',7500,121),(41,'지존짬뽕',10500,119),(42,'돈까스',9000,124),(42,'우육덮밥',9000,123),(42,'우육칼',9000,122),(43,'등심',9000,125),(43,'매운나베',11000,127),(43,'안반고반',11000,126),(44,'수제생돈까스',7900,128),(44,'스노우치즈돈까스',8900,129),(44,'알밥',6900,130),(45,'오므라이스',7500,131),(45,'제육덮밥',7000,133),(45,'치즈알밥',7500,132),(46,'사케동',15000,136),(46,'오야꼬동',13000,135),(46,'텐동',13000,134),(47,'모짜올리구마',4500,139),(47,'베이컨베스트',3900,138),(47,'햄치즈토스트',3100,137),(48,'갈릭베이컨치즈샌드위치',5400,141),(48,'아메리칸햄치즈샌드위치',4900,140),(48,'햄앤치즈길거리토스트',4900,142),(49,'바질모짜렐라샌드위치',6900,145),(49,'칠리닭샌드위치',6000,144),(49,'햄치즈에그샌드위치',5800,143),(50,'떡볶이',3500,146),(50,'스팸마요덮밥',4000,147),(50,'신전치즈김밥',4000,148),(51,'계란볶음밥',6000,151),(51,'미미마라탕',10000,149),(51,'미미미라상궈',15000,150),(52,'돌솥비빔밥',5000,152),(52,'제육덮밥',5000,154),(52,'참치비빔밥',500,153),(53,'짬짜면',8500,155),(53,'탕볶밥',11000,157),(53,'탕짜면',10000,156),(54,'구운닭가슴살샐러드',7400,159),(54,'목살샐러드',7900,160),(54,'숲속샐러드',7400,158),(55,'계란볶음밥',5000,163),(55,'마라상궈',15000,162),(55,'마라탕',9000,161),(56,'마라탕+꿔바로우',15000,165),(56,'마파두부',10000,166),(56,'야채쌀국수',9000,164),(57,'계란볶음밥',5000,169),(57,'마라상궈',18000,168),(57,'마라탕',9000,167),(58,'마라탕',7000,170),(58,'볶음밥',8000,172),(58,'튀김 수육',8000,171),(59,'마라탕',6000,173),(60,'마제소바',8900,174),(60,'머쉬룸포크카레',8900,176),(60,'에비텐모듬카츠',13900,175),(61,'끓이는식콩나물국밥',8500,26),(61,'남부시장식콩나물국밥',8500,27),(61,'얼큰돼지국밥',10000,28),(62,'등심돈카츠',9000,177),(62,'매콤크림돈파츠',12000,179),(62,'치즈돈카츠',10000,178),(63,'손수제비',7000,182),(63,'손칼국수',7000,181),(63,'팥칼국수',8000,180),(64,'1인세트',7000,184),(64,'게살와사비김밥',4500,185),(64,'떡볶이',4500,183),(65,'돈육김치찌개',3000,186),(65,'두부김치찌개',3000,187),(65,'참치김치찌개',3000,188),(66,'돼지숙주덮밥',6000,189),(66,'삼겹부추덮밥',8000,190),(66,'참치마요덮밥',4500,191),(67,'샐러드도그',6500,193),(67,'스파이시도그',6500,194),(67,'오리지날도그',4800,192),(68,'먹짜돈까스',8000,195),(68,'샐러드돈까스',8500,196),(68,'칭따오돈까스',8500,197),(69,'연어초밥',13000,198),(69,'유린기돈까스',11000,200),(69,'크림커리',8500,199),(70,'김치찌개',7500,202),(70,'된장찌개',7500,203),(70,'뚝배기불고기',7500,201),(71,'돈까스덮밥',9000,206),(71,'모퉁이덮밥',9000,204),(71,'부타동',8000,205),(72,'학식',6000,207),(73,'백반',6000,208),(74,'순두부열라면',3500,210),(74,'참치마요김밥',3500,211),(74,'특식',4500,209),(75,'광어초밥',16000,213),(75,'모듬초밥',11000,212),(75,'연어초밥',16000,214),(76,'내장국밥',9000,217),(76,'머리국밥',9000,216),(76,'순대국밥',9000,215),(77,'뼈해장국',9000,218),(78,'비빔소바',9000,221),(78,'소바',9000,219),(78,'콩국수',9000,220),(79,'옛날돈까스',8000,223),(79,'쫄면',6500,224),(79,'칼국수',7000,222),(80,'왕돈까스',8000,226),(80,'제육덮밥',7500,227),(80,'참치마요김밥',3500,225),(81,'멘야케이MAX멘',13000,228),(81,'신케이라멘',10000,230),(81,'케이라멘',9000,229),(82,'행담스페셜',15900,232),(82,'행담초밥',11900,231),(82,'행담프리미엄',19900,233);
/*!40000 ALTER TABLE `menutbl` ENABLE KEYS */;
UNLOCK TABLES;

--
-- Table structure for table `usetbl`
--

DROP TABLE IF EXISTS `usetbl`;
/*!40101 SET @saved_cs_client     = @@character_set_client */;
/*!50503 SET character_set_client = utf8mb4 */;
CREATE TABLE `usetbl` (
  `id` int NOT NULL,
  `how` char(2) NOT NULL,
  PRIMARY KEY (`id`,`how`),
  CONSTRAINT `fk_useTBL_honbabTBL1` FOREIGN KEY (`id`) REFERENCES `honbabtbl` (`id`)
) ENGINE=InnoDB DEFAULT CHARSET=utf8mb3;
/*!40101 SET character_set_client = @saved_cs_client */;

--
-- Dumping data for table `usetbl`
--

LOCK TABLES `usetbl` WRITE;
/*!40000 ALTER TABLE `usetbl` DISABLE KEYS */;
INSERT INTO `usetbl` VALUES (1,'매장'),(2,'매장'),(2,'포장'),(3,'매장'),(3,'포장'),(4,'매장'),(4,'포장'),(5,'매장'),(6,'매장'),(6,'포장'),(7,'매장'),(7,'포장'),(8,'매장'),(8,'포장'),(9,'매장'),(10,'매장'),(11,'매장'),(12,'매장'),(13,'매장'),(13,'포장'),(14,'매장'),(14,'포장'),(15,'매장'),(15,'포장'),(16,'매장'),(16,'포장'),(17,'매장'),(17,'포장'),(18,'매장'),(18,'포장'),(19,'매장'),(19,'포장'),(20,'포장'),(21,'매장'),(21,'포장'),(22,'매장'),(22,'포장'),(23,'매장'),(23,'포장'),(24,'매장'),(24,'포장'),(25,'매장'),(25,'포장'),(26,'매장'),(26,'포장'),(27,'매장'),(27,'포장'),(28,'매장'),(28,'포장'),(29,'매장'),(29,'포장'),(30,'매장'),(30,'포장'),(31,'매장'),(31,'포장'),(32,'매장'),(32,'포장'),(33,'매장'),(33,'포장'),(34,'매장'),(34,'포장'),(35,'매장'),(35,'포장'),(36,'매장'),(36,'포장'),(37,'매장'),(38,'매장'),(38,'포장'),(39,'매장'),(39,'포장'),(40,'매장'),(40,'포장'),(41,'매장'),(41,'포장'),(42,'매장'),(42,'포장'),(43,'매장'),(43,'포장'),(44,'매장'),(44,'포장'),(45,'매장'),(45,'포장'),(46,'매장'),(46,'포장'),(47,'매장'),(47,'포장'),(48,'매장'),(48,'포장'),(49,'매장'),(49,'포장'),(50,'매장'),(50,'포장'),(51,'매장'),(51,'포장'),(52,'매장'),(53,'매장'),(53,'포장'),(54,'매장'),(54,'포장'),(55,'매장'),(55,'포장'),(56,'매장'),(56,'포장'),(57,'매장'),(57,'포장'),(58,'매장'),(58,'포장'),(59,'매장'),(59,'포장'),(60,'매장'),(60,'포장'),(61,'매장'),(61,'포장'),(62,'매장'),(62,'포장'),(63,'매장'),(64,'매장'),(64,'포장'),(65,'매장'),(66,'매장'),(66,'포장'),(67,'매장'),(67,'포장'),(68,'매장'),(69,'매장'),(69,'포장'),(70,'매장'),(71,'매장'),(71,'포장'),(72,'매장'),(73,'매장'),(74,'매장'),(75,'매장'),(75,'포장'),(76,'매장'),(76,'포장'),(77,'매장'),(77,'포장'),(78,'매장'),(78,'포장'),(79,'매장'),(79,'포장'),(80,'매장'),(80,'포장'),(81,'매장'),(81,'포장'),(82,'매장');
/*!40000 ALTER TABLE `usetbl` ENABLE KEYS */;
UNLOCK TABLES;
/*!40103 SET TIME_ZONE=@OLD_TIME_ZONE */;

/*!40101 SET SQL_MODE=@OLD_SQL_MODE */;
/*!40014 SET FOREIGN_KEY_CHECKS=@OLD_FOREIGN_KEY_CHECKS */;
/*!40014 SET UNIQUE_CHECKS=@OLD_UNIQUE_CHECKS */;
/*!40101 SET CHARACTER_SET_CLIENT=@OLD_CHARACTER_SET_CLIENT */;
/*!40101 SET CHARACTER_SET_RESULTS=@OLD_CHARACTER_SET_RESULTS */;
/*!40101 SET COLLATION_CONNECTION=@OLD_COLLATION_CONNECTION */;
/*!40111 SET SQL_NOTES=@OLD_SQL_NOTES */;

-- Dump completed on 2023-05-24 20:18:32
